,Customer ID,Customer Name,Segment,City,State,Country,Region,Postal Code
0,AA-10315,Alex Avila,Consumer,Minneapolis,Minnesota,United States,Central,55407
1,AA-10375,Allen Armold,Consumer,Mesa,Arizona,United States,West,85204
2,AA-10480,Andrew Allen,Consumer,Concord,North Carolina,United States,South,28027
3,AA-10645,Anna Andreadi,Consumer,Chester,Pennsylvania,United States,East,19013
4,AB-10015,Aaron Bergman,Consumer,Seattle,Washington,United States,West,98103
5,AB-10060,Adam Bellavance,Home Office,New York City,New York,United States,East,10009
6,AB-10105,Adrian Barton,Consumer,Phoenix,Arizona,United States,West,85023
7,AB-10150,Aimee Bixby,Consumer,Long Beach,New York,United States,East,11561
8,AB-10165,Alan Barnes,Consumer,Los Angeles,California,United States,West,90036
9,AB-10255,Alejandro Ballentine,Home Office,Lorain,Ohio,United States,East,44052
10,AB-10600,Ann Blume,Corporate,Tucson,Arizona,United States,West,85705
11,AC-10420,Alyssa Crouse,Corporate,San Francisco,California,United States,West,94122
12,AC-10450,Amy Cox,Consumer,Minneapolis,Minnesota,United States,Central,55407
13,AC-10615,Ann Chong,Corporate,New York City,New York,United States,East,10009
14,AC-10660,Anna Chung,Consumer,Huntsville,Texas,United States,Central,77340
15,AD-10180,Alan Dominguez,Home Office,Houston,Texas,United States,Central,77041
16,AF-10870,Art Ferguson,Consumer,College Station,Texas,United States,Central,77840
17,AF-10885,Art Foster,Consumer,Louisville,Kentucky,United States,South,40214
18,AG-10270,Alejandro Grove,Consumer,West Jordan,Utah,United States,West,84084
19,AG-10300,Aleksandra Gannaway,Corporate,Los Angeles,California,United States,West,90049
20,AG-10330,Alex Grayson,Consumer,Stockton,California,United States,West,95207
21,AG-10390,Allen Goldenen,Consumer,Cincinnati,Ohio,United States,East,45231
22,AG-10495,Andrew Gjertsen,Corporate,Philadelphia,Pennsylvania,United States,East,19140
23,AG-10525,Andy Gerbode,Corporate,Saint Petersburg,Florida,United States,South,33710
24,AG-10675,Anna Gayman,Consumer,Houston,Texas,United States,Central,77036
25,AG-10765,Anthony Garverick,Home Office,Philadelphia,Pennsylvania,United States,East,19120
26,AG-10900,Arthur Gainer,Consumer,Tucson,Arizona,United States,West,85705
27,AH-10030,Aaron Hawkins,Corporate,Philadelphia,Pennsylvania,United States,East,19134
28,AH-10075,Adam Hart,Corporate,New York City,New York,United States,East,10011
29,AH-10120,Adrian Hane,Home Office,Tucson,Arizona,United States,West,85705
30,AH-10195,Alan Haines,Corporate,Tamarac,Florida,United States,South,33319
31,AH-10210,Alan Hwang,Consumer,Brentwood,California,United States,West,94513
32,AH-10465,Amy Hunt,Consumer,New York City,New York,United States,East,10035
33,AH-10585,Angele Hood,Consumer,Chicago,Illinois,United States,Central,60623
34,AH-10690,Anna H�berlin,Corporate,New York City,New York,United States,East,10024
35,AI-10855,Arianne Irving,Consumer,Philadelphia,Pennsylvania,United States,East,19120
36,AJ-10780,Anthony Jacobs,Corporate,Springfield,Virginia,United States,South,22153
37,AJ-10795,Anthony Johnson,Corporate,Saint Petersburg,Florida,United States,South,33710
38,AJ-10945,Ashley Jarboe,Consumer,Wilmington,North Carolina,United States,South,28403
39,AJ-10960,Astrea Jones,Consumer,Rochester,New York,United States,East,14609
40,AM-10360,Alice McCarthy,Corporate,Grand Prairie,Texas,United States,Central,75051
41,AM-10705,Anne McFarland,Consumer,Auburn,Alabama,United States,South,36830
42,AO-10810,Anthony O'Donnell,Corporate,Los Angeles,California,United States,West,90045
43,AP-10720,Anne Pryor,Home Office,New York City,New York,United States,East,10035
44,AP-10915,Arthur Prichep,Consumer,Palm Coast,Florida,United States,South,32137
45,AR-10345,Alex Russell,Corporate,Lawrence,Massachusetts,United States,East,1841
46,AR-10405,Allen Rosenblatt,Corporate,Franklin,Massachusetts,United States,East,2038
47,AR-10510,Andrew Roberts,Consumer,Philadelphia,Pennsylvania,United States,East,19134
48,AR-10540,Andy Reiter,Consumer,New York City,New York,United States,East,10024
49,AR-10570,Anemone Ratner,Consumer,Columbus,Georgia,United States,South,31907
50,AR-10825,Anthony Rawles,Corporate,Vancouver,Washington,United States,West,98661
51,AS-10045,Aaron Smayling,Corporate,Jacksonville,North Carolina,United States,South,28540
52,AS-10090,Adam Shillingsburg,Consumer,Charlottesville,Virginia,United States,South,22901
53,AS-10135,Adrian Shami,Home Office,New York City,New York,United States,East,10035
54,AS-10225,Alan Schoenberger,Corporate,New York City,New York,United States,East,10024
55,AS-10240,Alan Shonely,Consumer,Tampa,Florida,United States,South,33614
56,AS-10285,Alejandro Savely,Corporate,San Francisco,California,United States,West,94109
57,AS-10630,Ann Steele,Home Office,Pasadena,Texas,United States,Central,77506
58,AT-10435,Alyssa Tate,Home Office,Los Angeles,California,United States,West,90004
59,AT-10735,Annie Thurman,Consumer,Seattle,Washington,United States,West,98115
60,AW-10840,Anthony Witt,Consumer,Allen,Texas,United States,Central,75002
61,AW-10930,Arthur Wiediger,Home Office,Aurora,Illinois,United States,Central,60505
62,AY-10555,Andy Yotov,Corporate,Oceanside,California,United States,West,92054
63,AZ-10750,Annie Zypern,Consumer,New York City,New York,United States,East,10009
64,BB-10990,Barry Blumstein,Corporate,Inglewood,California,United States,West,90301
65,BB-11545,Brenda Bowman,Corporate,Houston,Texas,United States,Central,77070
66,BC-11125,Becky Castell,Home Office,Peoria,Arizona,United States,West,85345
67,BD-11320,Bill Donatelli,Consumer,San Francisco,California,United States,West,94110
68,BD-11500,Bradley Drucker,Consumer,Green Bay,Wisconsin,United States,Central,54302
69,BD-11560,Brendan Dodson,Home Office,Fresno,California,United States,West,93727
70,BD-11605,Brian Dahlen,Consumer,Lawrence,Massachusetts,United States,East,1841
71,BD-11620,Brian DeCherney,Consumer,San Francisco,California,United States,West,94122
72,BD-11635,Brian Derr,Consumer,Bowling Green,Kentucky,United States,South,42104
73,BD-11725,Bruce Degenhardt,Consumer,Richmond,Kentucky,United States,South,40475
74,BD-11770,Bryan Davis,Consumer,Houston,Texas,United States,Central,77070
75,BE-11335,Bill Eplett,Home Office,Jackson,Michigan,United States,Central,49201
76,BE-11410,Bobby Elias,Consumer,Lancaster,Ohio,United States,East,43130
77,BE-11455,Brad Eason,Home Office,Olathe,Kansas,United States,Central,66062
78,BF-10975,Barbara Fisher,Corporate,Charlotte,North Carolina,United States,South,28205
79,BF-11005,Barry Franz,Home Office,Pasadena,California,United States,West,91104
80,BF-11020,Barry Franz�sisch,Corporate,Green Bay,Wisconsin,United States,Central,54302
81,BF-11080,Bart Folk,Consumer,Baltimore,Maryland,United States,East,21215
82,BF-11170,Ben Ferrer,Home Office,Los Angeles,California,United States,West,90036
83,BF-11215,Benjamin Farhat,Home Office,Albuquerque,New Mexico,United States,West,87105
84,BF-11275,Beth Fritzler,Corporate,Tucson,Arizona,United States,West,85705
85,BG-11035,Barry Gonzalez,Consumer,Monroe,Louisiana,United States,South,71203
86,BG-11695,Brooke Gillingham,Corporate,Cincinnati,Ohio,United States,East,45231
87,BG-11740,Bruce Geld,Consumer,Philadelphia,Pennsylvania,United States,East,19120
88,BH-11710,Brosina Hoffman,Consumer,Los Angeles,California,United States,West,90032
89,BK-11260,Berenike Kampe,Consumer,New York City,New York,United States,East,10035
90,BM-11140,Becky Martin,Consumer,San Antonio,Texas,United States,Central,78207
91,BM-11575,Brendan Murry,Corporate,New York City,New York,United States,East,10035
92,BM-11650,Brian Moss,Corporate,New York City,New York,United States,East,10035
93,BM-11785,Bryan Mills,Consumer,Columbus,Ohio,United States,East,43229
94,BN-11470,Brad Norvell,Corporate,Cary,North Carolina,United States,South,27511
95,BN-11515,Bradley Nguyen,Consumer,Los Angeles,California,United States,West,90049
96,BO-11350,Bill Overfelt,Corporate,Los Angeles,California,United States,West,90045
97,BO-11425,Bobby Odegard,Consumer,Richmond,Kentucky,United States,South,40475
98,BP-11050,Barry Pond,Corporate,Cranston,Rhode Island,United States,East,2920
99,BP-11095,Bart Pistole,Corporate,Peoria,Illinois,United States,Central,61604
100,BP-11155,Becky Pak,Consumer,Columbus,Georgia,United States,South,31907
101,BP-11185,Ben Peterman,Corporate,Arvada,Colorado,United States,West,80004
102,BP-11230,Benjamin Patterson,Consumer,Spokane,Washington,United States,West,99207
103,BP-11290,Beth Paige,Consumer,Evanston,Illinois,United States,Central,60201
104,BS-11365,Bill Shonely,Corporate,New York City,New York,United States,East,10011
105,BS-11380,Bill Stewart,Corporate,Skokie,Illinois,United States,Central,60076
106,BS-11590,Brendan Sweed,Corporate,Gilbert,Arizona,United States,West,85234
107,BS-11665,Brian Stugart,Consumer,Philadelphia,Pennsylvania,United States,East,19143
108,BS-11755,Bruce Stewart,Consumer,Denver,Colorado,United States,West,80219
109,BS-11800,Bryan Spruell,Home Office,New York City,New York,United States,East,10011
110,BT-11305,Beth Thompson,Home Office,Costa Mesa,California,United States,West,92627
111,BT-11395,Bill Tyler,Corporate,Detroit,Michigan,United States,Central,48227
112,BT-11440,Bobby Trafton,Consumer,Littleton,Colorado,United States,West,80122
113,BT-11485,Brad Thomas,Home Office,Clinton,Maryland,United States,East,20735
114,BT-11530,Bradley Talbott,Home Office,Los Angeles,California,United States,West,90036
115,BT-11680,Brian Thompson,Consumer,Newark,Ohio,United States,East,43055
116,BV-11245,Benjamin Venier,Corporate,Des Moines,Iowa,United States,Central,50315
117,BW-11065,Barry Weirich,Consumer,Raleigh,North Carolina,United States,South,27604
118,BW-11110,Bart Watters,Corporate,Milwaukee,Wisconsin,United States,Central,53209
119,BW-11200,Ben Wallace,Consumer,Boynton Beach,Florida,United States,South,33437
120,CA-11965,Carol Adams,Corporate,Hoover,Alabama,United States,South,35244
121,CA-12055,Cathy Armstrong,Home Office,Houston,Texas,United States,Central,77070
122,CA-12265,Christina Anderson,Consumer,Chicago,Illinois,United States,Central,60610
123,CA-12310,Christine Abelman,Corporate,Cincinnati,Ohio,United States,East,45231
124,CA-12775,Cynthia Arntzen,Consumer,Tampa,Florida,United States,South,33614
125,CB-12025,Cassandra Brandow,Consumer,Hamilton,Ohio,United States,East,45011
126,CB-12415,Christy Brittain,Consumer,Columbus,Ohio,United States,East,43229
127,CB-12535,Claudia Bergmann,Corporate,Chapel Hill,North Carolina,United States,South,27514
128,CC-12100,Chad Cunningham,Home Office,Columbus,Indiana,United States,Central,47201
129,CC-12145,Charles Crestani,Consumer,Los Angeles,California,United States,West,90004
130,CC-12220,Chris Cortes,Consumer,La Porte,Indiana,United States,Central,46350
131,CC-12370,Christopher Conant,Consumer,Fayetteville,North Carolina,United States,South,28314
132,CC-12430,Chuck Clark,Home Office,Columbus,Indiana,United States,Central,47201
133,CC-12475,Cindy Chapman,Consumer,New York City,New York,United States,East,10024
134,CC-12550,Clay Cheatham,Consumer,San Francisco,California,United States,West,94122
135,CC-12610,Corey Catlett,Corporate,Philadelphia,Pennsylvania,United States,East,19134
136,CC-12670,Craig Carreira,Consumer,New York City,New York,United States,East,10009
137,CC-12685,Craig Carroll,Consumer,Greensboro,North Carolina,United States,South,27405
138,CD-11920,Carlos Daly,Consumer,Lake Elsinore,California,United States,West,92530
139,CD-11980,Carol Darley,Consumer,Tyler,Texas,United States,Central,75701
140,CD-12280,Christina DeMoss,Consumer,Seattle,Washington,United States,West,98105
141,CD-12790,Cynthia Delaney,Home Office,San Diego,California,United States,West,92037
142,CG-12040,Catherine Glotzbach,Home Office,Philadelphia,Pennsylvania,United States,East,19120
143,CG-12520,Claire Gute,Consumer,Henderson,Kentucky,United States,South,42420
144,CH-12070,Cathy Hwang,Home Office,Raleigh,North Carolina,United States,South,27604
145,CJ-11875,Carl Jackson,Corporate,Philadelphia,Pennsylvania,United States,East,19140
146,CJ-12010,Caroline Jumper,Consumer,Huntington Beach,California,United States,West,92646
147,CK-12205,Chloris Kastensmidt,Consumer,Philadelphia,Pennsylvania,United States,East,19120
148,CK-12325,Christine Kargatis,Home Office,Orem,Utah,United States,West,84057
149,CK-12595,Clytie Kelty,Consumer,Grove City,Ohio,United States,East,43123
150,CK-12760,Cyma Kinney,Corporate,Linden,New Jersey,United States,East,7036
151,CL-11890,Carl Ludwig,Consumer,Everett,Massachusetts,United States,East,2149
152,CL-12565,Clay Ludtke,Consumer,Urbandale,Iowa,United States,Central,50322
153,CL-12700,Craig Leslie,Home Office,Springfield,Missouri,United States,Central,65807
154,CM-11815,Candace McMahon,Corporate,Pasadena,Texas,United States,Central,77506
155,CM-11935,Carlos Meador,Consumer,Fayetteville,North Carolina,United States,South,28314
156,CM-12115,Chad McGuire,Consumer,New York City,New York,United States,East,10011
157,CM-12160,Charles McCrossin,Consumer,Brownsville,Texas,United States,Central,78521
158,CM-12190,Charlotte Melton,Consumer,Philadelphia,Pennsylvania,United States,East,19134
159,CM-12235,Chris McAfee,Consumer,Carrollton,Texas,United States,Central,75007
160,CM-12385,Christopher Martinez,Consumer,Atlanta,Georgia,United States,South,30318
161,CM-12445,Chuck Magee,Consumer,San Francisco,California,United States,West,94122
162,CM-12655,Corinna Mitchell,Home Office,Los Angeles,California,United States,West,90008
163,CM-12715,Craig Molinari,Corporate,Huntsville,Texas,United States,Central,77340
164,CP-12085,Cathy Prescott,Corporate,Norwich,Connecticut,United States,East,6360
165,CP-12340,Christine Phan,Corporate,New York City,New York,United States,East,10009
166,CR-12580,Clay Rozendal,Home Office,Elmhurst,Illinois,United States,Central,60126
167,CR-12625,Corey Roper,Home Office,Lakewood,New Jersey,United States,East,8701
168,CR-12730,Craig Reiter,Consumer,Columbus,Ohio,United States,East,43229
169,CR-12820,Cyra Reiten,Home Office,New York City,New York,United States,East,10035
170,CS-11845,Cari Sayre,Corporate,Seattle,Washington,United States,West,98105
171,CS-11860,Cari Schnelling,Consumer,Jacksonville,North Carolina,United States,South,28540
172,CS-11950,Carlos Soltero,Consumer,Chicago,Illinois,United States,Central,60610
173,CS-12130,Chad Sievert,Consumer,Los Angeles,California,United States,West,90004
174,CS-12175,Charles Sheldon,Corporate,Columbia,Tennessee,United States,South,38401
175,CS-12250,Chris Selesnick,Corporate,Bossier City,Louisiana,United States,South,71111
176,CS-12355,Christine Sundaresam,Consumer,Roswell,Georgia,United States,South,30076
177,CS-12400,Christopher Schild,Home Office,Chicago,Illinois,United States,Central,60623
178,CS-12460,Chuck Sachs,Consumer,Columbus,Georgia,United States,South,31907
179,CS-12490,Cindy Schnelling,Corporate,Conroe,Texas,United States,Central,77301
180,CS-12505,Cindy Stewart,Consumer,Thomasville,North Carolina,United States,South,27360
181,CT-11995,Carol Triggs,Consumer,Rochester,Minnesota,United States,Central,55901
182,CV-12295,Christina VanderZanden,Consumer,Fresno,California,United States,West,93727
183,CV-12805,Cynthia Voltz,Corporate,New York City,New York,United States,East,10035
184,CW-11905,Carl Weiss,Home Office,Huntsville,Texas,United States,Central,77340
185,CY-12745,Craig Yedwab,Corporate,Oakland,California,United States,West,94601
186,Co-12640,Corey-Lock,Consumer,Philadelphia,Pennsylvania,United States,East,19143
187,DA-13450,Dianna Arnett,Home Office,Houston,Texas,United States,Central,77095
188,DB-12910,Daniel Byrd,Home Office,Tampa,Florida,United States,South,33614
189,DB-12970,Darren Budd,Corporate,Los Angeles,California,United States,West,90004
190,DB-13060,Dave Brooks,Consumer,Seattle,Washington,United States,West,98115
191,DB-13120,David Bremer,Corporate,Santa Clara,California,United States,West,95051
192,DB-13210,Dean Braden,Consumer,Houston,Texas,United States,Central,77041
193,DB-13270,Deborah Brumfield,Home Office,San Diego,California,United States,West,92024
194,DB-13360,Dennis Bolton,Home Office,New York City,New York,United States,East,10009
195,DB-13405,Denny Blanton,Consumer,La Porte,Indiana,United States,Central,46350
196,DB-13555,Dorothy Badders,Corporate,Jacksonville,Florida,United States,South,32216
197,DB-13615,Doug Bickford,Consumer,Los Angeles,California,United States,West,90045
198,DB-13660,Duane Benoit,Consumer,Oceanside,New York,United States,East,11572
199,DC-12850,Dan Campbell,Consumer,Florence,Alabama,United States,South,35630
200,DC-13285,Debra Catini,Consumer,Cottage Grove,Minnesota,United States,Central,55016
201,DD-13570,Dorothy Dickinson,Consumer,Houston,Texas,United States,Central,77041
202,DE-13255,Deanra Eno,Home Office,Springfield,Ohio,United States,East,45503
203,DF-13135,David Flashing,Consumer,Vallejo,California,United States,West,94591
204,DG-13300,Deirdre Greer,Corporate,Philadelphia,Pennsylvania,United States,East,19134
205,DH-13075,Dave Hallsten,Corporate,Richmond,Kentucky,United States,South,40475
206,DH-13675,Duane Huffman,Home Office,Quincy,Massachusetts,United States,East,2169
207,DJ-13420,Denny Joy,Corporate,Warner Robins,Georgia,United States,South,31088
208,DJ-13510,Don Jones,Corporate,Murfreesboro,Tennessee,United States,South,37130
209,DJ-13630,Doug Jacobs,Consumer,New York City,New York,United States,East,10024
210,DK-12835,Damala Kotsonis,Corporate,Salinas,California,United States,West,93905
211,DK-12895,Dana Kaydos,Consumer,Kenosha,Wisconsin,United States,Central,53142
212,DK-12985,Darren Koutras,Consumer,Henderson,Kentucky,United States,South,42420
213,DK-13090,Dave Kipp,Consumer,Seattle,Washington,United States,West,98103
214,DK-13150,David Kendrick,Corporate,Decatur,Illinois,United States,Central,62521
215,DK-13225,Dean Katz,Corporate,Philadelphia,Pennsylvania,United States,East,19140
216,DK-13375,Dennis Kane,Consumer,Marion,Ohio,United States,East,43302
217,DL-12865,Dan Lawera,Consumer,Cincinnati,Ohio,United States,East,45231
218,DL-12925,Daniel Lacy,Consumer,Oceanside,California,United States,West,92054
219,DL-13315,Delfina Latchford,Consumer,New York City,New York,United States,East,10024
220,DL-13330,Denise Leinenbach,Consumer,Las Cruces,New Mexico,United States,West,88001
221,DL-13495,Dionis Lloyd,Corporate,San Francisco,California,United States,West,94110
222,DM-12955,Dario Medina,Corporate,Lincoln Park,Michigan,United States,Central,48146
223,DM-13015,Darrin Martin,Consumer,Encinitas,California,United States,West,92024
224,DM-13345,Denise Monton,Corporate,Roswell,Georgia,United States,South,30076
225,DM-13525,Don Miller,Corporate,Houston,Texas,United States,Central,77070
226,DN-13690,Duane Noonan,Consumer,San Francisco,California,United States,West,94122
227,DO-13435,Denny Ordway,Consumer,Pembroke Pines,Florida,United States,South,33024
228,DO-13645,Doug O'Connell,Consumer,Los Angeles,California,United States,West,90036
229,DP-13000,Darren Powers,Consumer,New Albany,Indiana,United States,Central,47150
230,DP-13105,Dave Poirier,Corporate,Salinas,California,United States,West,93905
231,DP-13165,David Philippe,Consumer,New York City,New York,United States,East,10035
232,DP-13390,Dennis Pardue,Home Office,Peoria,Illinois,United States,Central,61604
233,DR-12880,Dan Reichenbach,Corporate,Chicago,Illinois,United States,Central,60623
234,DR-12940,Daniel Raglin,Home Office,Franklin,Massachusetts,United States,East,2038
235,DS-13030,Darrin Sayre,Home Office,Seattle,Washington,United States,West,98115
236,DS-13180,David Smith,Corporate,Detroit,Michigan,United States,Central,48227
237,DV-13045,Darrin Van Huff,Corporate,Los Angeles,California,United States,West,90036
238,DV-13465,Dianna Vittorini,Consumer,Denver,Colorado,United States,West,80219
239,DW-13195,David Wiener,Corporate,Houston,Texas,United States,Central,77095
240,DW-13480,Dianna Wilson,Home Office,Lakeville,Minnesota,United States,Central,55044
241,DW-13540,Don Weiss,Consumer,Seattle,Washington,United States,West,98105
242,DW-13585,Dorothy Wardle,Corporate,Columbus,Ohio,United States,East,43229
243,Dl-13600,Dorris liebe,Corporate,Pasadena,Texas,United States,Central,77506
244,Dp-13240,Dean percer,Home Office,Murray,Utah,United States,West,84107
245,EA-14035,Erin Ashbrook,Corporate,Charlotte,North Carolina,United States,South,28205
246,EB-13705,Ed Braxton,Corporate,Akron,Ohio,United States,East,44312
247,EB-13750,Edward Becker,Corporate,Seattle,Washington,United States,West,98103
248,EB-13840,Ellis Ballard,Corporate,Seattle,Washington,United States,West,98105
249,EB-13870,Emily Burns,Consumer,Orem,Utah,United States,West,84057
250,EB-13930,Eric Barreto,Consumer,San Francisco,California,United States,West,94110
251,EB-13975,Erica Bern,Corporate,Fairfield,California,United States,West,94533
252,EB-14110,Eugene Barchas,Consumer,Philadelphia,Pennsylvania,United States,East,19134
253,EB-14170,Evan Bailliet,Consumer,Wilmington,North Carolina,United States,South,28403
254,EC-14050,Erin Creighton,Consumer,New York City,New York,United States,East,10024
255,ED-13885,Emily Ducich,Home Office,San Diego,California,United States,West,92037
256,EG-13900,Emily Grady,Consumer,Oceanside,New York,United States,East,11572
257,EH-13765,Edward Hooks,Corporate,Watertown,New York,United States,East,13601
258,EH-13945,Eric Hoffmann,Consumer,Los Angeles,California,United States,West,90049
259,EH-13990,Erica Hackney,Consumer,Roswell,Georgia,United States,South,30076
260,EH-14005,Erica Hernandez,Home Office,Denver,Colorado,United States,West,80219
261,EH-14125,Eugene Hildebrand,Home Office,Aurora,Illinois,United States,Central,60505
262,EH-14185,Evan Henry,Consumer,Decatur,Alabama,United States,South,35601
263,EJ-13720,Ed Jacobs,Consumer,San Diego,California,United States,West,92037
264,EJ-14155,Eva Jacobs,Consumer,Gulfport,Mississippi,United States,South,39503
265,EK-13795,Eileen Kiefer,Home Office,Santa Ana,California,United States,West,92704
266,EL-13735,Ed Ludwig,Home Office,Columbia,Maryland,United States,East,21044
267,EM-13810,Eleni McCrary,Corporate,Los Angeles,California,United States,West,90036
268,EM-13825,Elizabeth Moffitt,Corporate,Sioux Falls,South Dakota,United States,Central,57103
269,EM-13960,Eric Murdock,Consumer,Philadelphia,Pennsylvania,United States,East,19134
270,EM-14065,Erin Mull,Consumer,New York City,New York,United States,East,10024
271,EM-14095,Eudokia Martin,Corporate,Los Angeles,California,United States,West,90036
272,EM-14140,Eugene Moren,Home Office,Glendale,Arizona,United States,West,85301
273,EM-14200,Evan Minnotte,Home Office,Virginia Beach,Virginia,United States,South,23464
274,EN-13780,Edward Nazzal,Consumer,New York City,New York,United States,East,10035
275,EP-13915,Emily Phan,Consumer,Chicago,Illinois,United States,Central,60653
276,ER-13855,Elpida Rittenbach,Corporate,Saint Paul,Minnesota,United States,Central,55106
277,ES-14020,Erica Smith,Consumer,San Francisco,California,United States,West,94110
278,ES-14080,Erin Smith,Corporate,Melbourne,Florida,United States,South,32935
279,FA-14230,Frank Atkinson,Corporate,Long Beach,California,United States,West,90805
280,FC-14245,Frank Carlisle,Home Office,Lakewood,Ohio,United States,East,44107
281,FC-14335,Fred Chung,Corporate,Mesquite,Texas,United States,Central,75150
282,FG-14260,Frank Gastineau,Home Office,San Francisco,California,United States,West,94110
283,FH-14275,Frank Hawley,Corporate,La Porte,Indiana,United States,Central,46350
284,FH-14350,Fred Harton,Consumer,Seattle,Washington,United States,West,98105
285,FH-14365,Fred Hopkins,Corporate,Philadelphia,Pennsylvania,United States,East,19120
286,FM-14215,Filia McAdams,Corporate,Dublin,Ohio,United States,East,43017
287,FM-14290,Frank Merwin,Home Office,Los Angeles,California,United States,West,90032
288,FM-14380,Fred McMath,Consumer,Aurora,Colorado,United States,West,80013
289,FO-14305,Frank Olsen,Consumer,New York City,New York,United States,East,10035
290,FP-14320,Frank Preis,Consumer,Los Angeles,California,United States,West,90008
291,FW-14395,Fred Wasserman,Corporate,Huntsville,Alabama,United States,South,35810
292,GA-14515,George Ashbrook,Consumer,San Francisco,California,United States,West,94122
293,GA-14725,Guy Armstrong,Consumer,Lorain,Ohio,United States,East,44052
294,GB-14530,George Bell,Corporate,Auburn,New York,United States,East,13021
295,GB-14575,Giulietta Baptist,Consumer,Philadelphia,Pennsylvania,United States,East,19134
296,GD-14590,Giulietta Dortch,Corporate,Philadelphia,Pennsylvania,United States,East,19143
297,GG-14650,Greg Guthrie,Corporate,Bristol,Tennessee,United States,South,37620
298,GH-14410,Gary Hansen,Home Office,Glendale,Arizona,United States,West,85301
299,GH-14425,Gary Hwang,Consumer,Tucson,Arizona,United States,West,85705
300,GH-14485,Gene Hale,Corporate,Richardson,Texas,United States,Central,75080
301,GH-14665,Greg Hansen,Consumer,Round Rock,Texas,United States,Central,78664
302,GK-14620,Grace Kelly,Corporate,Hesperia,California,United States,West,92345
303,GM-14440,Gary McGarr,Consumer,San Francisco,California,United States,West,94122
304,GM-14455,Gary Mitchum,Home Office,Houston,Texas,United States,Central,77095
305,GM-14500,Gene McClure,Consumer,Providence,Rhode Island,United States,East,2908
306,GM-14680,Greg Matthias,Consumer,Seattle,Washington,United States,West,98105
307,GM-14695,Greg Maxwell,Corporate,Los Angeles,California,United States,West,90036
308,GP-14740,Guy Phonely,Corporate,Lancaster,Pennsylvania,United States,East,17602
309,GR-14560,Georgia Rosenberg,Corporate,San Francisco,California,United States,West,94110
310,GT-14635,Grant Thornton,Corporate,Burlington,North Carolina,United States,South,27217
311,GT-14710,Greg Tran,Consumer,Houston,Texas,United States,Central,77070
312,GT-14755,Guy Thornton,Consumer,Harlingen,Texas,United States,Central,78550
313,GW-14605,Giulietta Weimer,Consumer,Seattle,Washington,United States,West,98115
314,GZ-14470,Gary Zandusky,Consumer,Rochester,Minnesota,United States,Central,55901
315,GZ-14545,George Zrebassa,Corporate,Lawrence,Massachusetts,United States,East,1841
316,HA-14905,Helen Abelman,Consumer,New York City,New York,United States,East,10024
317,HA-14920,Helen Andreada,Consumer,Pasadena,California,United States,West,91104
318,HD-14785,Harold Dahlen,Home Office,Philadelphia,Pennsylvania,United States,East,19143
319,HE-14800,Harold Engle,Corporate,Chicago,Illinois,United States,Central,60623
320,HF-14995,Herbert Flentye,Consumer,Indianapolis,Indiana,United States,Central,46203
321,HG-14845,Harry Greene,Consumer,Lake Charles,Louisiana,United States,South,70601
322,HG-14965,Henry Goldwyn,Corporate,Los Angeles,California,United States,West,90032
323,HG-15025,Hunter Glantz,Consumer,Amarillo,Texas,United States,Central,79109
324,HH-15010,Hilary Holden,Corporate,San Francisco,California,United States,West,94110
325,HJ-14875,Heather Jas,Home Office,Jacksonville,Florida,United States,South,32216
326,HK-14890,Heather Kirkland,Corporate,Franklin,Tennessee,United States,South,37064
327,HL-15040,Hunter Lopez,Consumer,Houston,Texas,United States,Central,77095
328,HM-14860,Harry Marie,Corporate,Philadelphia,Pennsylvania,United States,East,19120
329,HM-14980,Henry MacAllister,Consumer,New York City,New York,United States,East,10009
330,HP-14815,Harold Pawlan,Home Office,Fort Worth,Texas,United States,Central,76106
331,HR-14770,Hallie Redmond,Home Office,Los Angeles,California,United States,West,90045
332,HR-14830,Harold Ryan,Corporate,Seattle,Washington,United States,West,98103
333,HW-14935,Helen Wasserman,Corporate,San Diego,California,United States,West,92105
334,HZ-14950,Henia Zydlo,Consumer,Columbus,Ohio,United States,East,43229
335,IG-15085,Ivan Gibson,Consumer,San Diego,California,United States,West,92024
336,IL-15100,Ivan Liston,Consumer,San Francisco,California,United States,West,94122
337,IM-15055,Ionia McGrath,Consumer,Roseville,California,United States,West,95661
338,IM-15070,Irene Maddox,Consumer,Seattle,Washington,United States,West,98103
339,JA-15970,Joseph Airdo,Consumer,Phoenix,Arizona,United States,West,85023
340,JB-15400,Jennifer Braxton,Corporate,Chicago,Illinois,United States,Central,60623
341,JB-15925,Joni Blumstein,Consumer,Dublin,Ohio,United States,East,43017
342,JB-16000,Joy Bell-,Consumer,Brownsville,Texas,United States,Central,78521
343,JB-16045,Julia Barnett,Home Office,Columbus,Georgia,United States,South,31907
344,JC-15340,Jasper Cacioppo,Consumer,Los Angeles,California,United States,West,90032
345,JC-15385,Jenna Caffey,Consumer,Kent,Washington,United States,West,98031
346,JC-15775,John Castell,Consumer,San Antonio,Texas,United States,Central,78207
347,JC-16105,Julie Creighton,Corporate,Durham,North Carolina,United States,South,27707
348,JD-15790,John Dryer,Consumer,Coppell,Texas,United States,Central,75019
349,JD-15895,Jonathan Doherty,Corporate,Philadelphia,Pennsylvania,United States,East,19140
350,JD-16015,Joy Daniels,Consumer,Chicago,Illinois,United States,Central,60610
351,JD-16060,Julia Dunbar,Consumer,San Francisco,California,United States,West,94109
352,JD-16150,Justin Deggeller,Corporate,Minneapolis,Minnesota,United States,Central,55407
353,JE-15475,Jeremy Ellison,Consumer,Troy,New York,United States,East,12180
354,JE-15610,Jim Epp,Corporate,Milwaukee,Wisconsin,United States,Central,53209
355,JE-15715,Joe Elijah,Consumer,Broomfield,Colorado,United States,West,80020
356,JE-15745,Joel Eaton,Consumer,Memphis,Tennessee,United States,South,38109
357,JE-16165,Justin Ellison,Corporate,Franklin,Wisconsin,United States,Central,53132
358,JF-15190,Jamie Frazer,Consumer,Los Angeles,California,United States,West,90008
359,JF-15295,Jason Fortune-,Consumer,Seattle,Washington,United States,West,98103
360,JF-15355,Jay Fein,Consumer,Austin,Texas,United States,Central,78745
361,JF-15415,Jennifer Ferguson,Consumer,New York City,New York,United States,East,10024
362,JF-15490,Jeremy Farry,Consumer,Seattle,Washington,United States,West,98105
363,JF-15565,Jill Fjeld,Consumer,Dallas,Texas,United States,Central,75081
364,JG-15115,Jack Garza,Consumer,Des Moines,Washington,United States,West,98198
365,JG-15160,James Galang,Consumer,Los Angeles,California,United States,West,90049
366,JG-15310,Jason Gross,Corporate,Providence,Rhode Island,United States,East,2908
367,JG-15805,John Grady,Corporate,New York City,New York,United States,East,10024
368,JH-15430,Jennifer Halladay,Consumer,Burlington,North Carolina,United States,South,27217
369,JH-15820,John Huston,Consumer,Kent,Ohio,United States,East,44240
370,JH-15910,Jonathan Howell,Consumer,Los Angeles,California,United States,West,90032
371,JH-15985,Joseph Holt,Consumer,Saginaw,Michigan,United States,Central,48601
372,JH-16180,Justin Hirsh,Consumer,Pueblo,Colorado,United States,West,81001
373,JJ-15445,Jennifer Jackson,Consumer,Los Angeles,California,United States,West,90004
374,JJ-15760,Joel Jenkins,Home Office,Springfield,Virginia,United States,South,22153
375,JK-15205,Jamie Kunitz,Consumer,San Francisco,California,United States,West,94122
376,JK-15325,Jason Klamczynski,Corporate,Dallas,Texas,United States,Central,75220
377,JK-15370,Jay Kimmel,Consumer,Long Beach,California,United States,West,90805
378,JK-15625,Jim Karlsson,Consumer,Seattle,Washington,United States,West,98115
379,JK-15640,Jim Kriz,Home Office,New York City,New York,United States,East,10009
380,JK-15730,Joe Kamberova,Consumer,Asheville,North Carolina,United States,South,28806
381,JK-16090,Juliana Krohn,Consumer,Omaha,Nebraska,United States,Central,68104
382,JK-16120,Julie Kriz,Home Office,Aurora,Illinois,United States,Central,60505
383,JL-15130,Jack Lebron,Consumer,Houston,Texas,United States,Central,77036
384,JL-15175,James Lanier,Home Office,Columbia,Tennessee,United States,South,38401
385,JL-15235,Janet Lee,Consumer,Chicago,Illinois,United States,Central,60623
386,JL-15505,Jeremy Lonsdale,Consumer,New York City,New York,United States,East,10035
387,JL-15835,John Lee,Consumer,Mission Viejo,California,United States,West,92691
388,JL-15850,John Lucas,Consumer,Philadelphia,Pennsylvania,United States,East,19134
389,JM-15250,Janet Martin,Consumer,Charlotte,North Carolina,United States,South,28205
390,JM-15265,Janet Molinari,Corporate,New York City,New York,United States,East,10024
391,JM-15535,Jessica Myrick,Consumer,Philadelphia,Pennsylvania,United States,East,19143
392,JM-15580,Jill Matthias,Consumer,Monroe,North Carolina,United States,South,28110
393,JM-15655,Jim Mitchum,Corporate,Bridgeton,New Jersey,United States,East,8302
394,JM-15865,John Murray,Consumer,Jamestown,New York,United States,East,14701
395,JM-16195,Justin MacKendrick,Consumer,Los Angeles,California,United States,West,90004
396,JO-15145,Jack O'Briant,Corporate,Philadelphia,Pennsylvania,United States,East,19140
397,JO-15280,Jas O'Carroll,Consumer,Los Angeles,California,United States,West,90004
398,JO-15550,Jesus Ocampo,Home Office,Chester,Pennsylvania,United States,East,19013
399,JP-15460,Jennifer Patt,Corporate,Oceanside,New York,United States,East,11572
400,JP-15520,Jeremy Pistek,Consumer,San Francisco,California,United States,West,94110
401,JP-16135,Julie Prescott,Home Office,Columbus,Georgia,United States,South,31907
402,JR-15670,Jim Radford,Consumer,Middletown,Connecticut,United States,East,6457
403,JR-15700,Jocasta Rupert,Consumer,Jacksonville,Florida,United States,South,32216
404,JR-16210,Justin Ritter,Corporate,Springfield,Ohio,United States,East,45503
405,JS-15595,Jill Stevenson,Corporate,Los Angeles,California,United States,West,90045
406,JS-15685,Jim Sink,Corporate,Los Angeles,California,United States,West,90036
407,JS-15880,John Stevenson,Consumer,Seattle,Washington,United States,West,98103
408,JS-15940,Joni Sundaresam,Home Office,Park Ridge,Illinois,United States,Central,60068
409,JS-16030,Joy Smith,Consumer,Houston,Texas,United States,Central,77036
410,JW-15220,Jane Waco,Corporate,Vancouver,Washington,United States,West,98661
411,JW-15955,Joni Wasserman,Consumer,Oakland,California,United States,West,94601
412,JW-16075,Julia West,Consumer,Philadelphia,Pennsylvania,United States,East,19140
413,KA-16525,Kelly Andreada,Consumer,Ontario,California,United States,West,91761
414,KB-16240,Karen Bern,Corporate,Los Angeles,California,United States,West,90036
415,KB-16315,Karl Braun,Consumer,Minneapolis,Minnesota,United States,Central,55407
416,KB-16405,Katrina Bavinger,Home Office,Apple Valley,California,United States,West,92307
417,KB-16585,Ken Black,Corporate,Fremont,Nebraska,United States,Central,68025
418,KB-16600,Ken Brennan,Corporate,Houston,Texas,United States,Central,77041
419,KC-16255,Karen Carlisle,Corporate,San Francisco,California,United States,West,94110
420,KC-16540,Kelly Collister,Consumer,San Diego,California,United States,West,92037
421,KC-16675,Kimberly Carter,Corporate,Seattle,Washington,United States,West,98105
422,KD-16270,Karen Daniels,Consumer,Springfield,Virginia,United States,South,22153
423,KD-16345,Katherine Ducich,Consumer,San Francisco,California,United States,West,94122
424,KD-16495,Keith Dawkins,Corporate,New York City,New York,United States,East,10009
425,KD-16615,Ken Dana,Corporate,Scottsdale,Arizona,United States,West,85254
426,KE-16420,Katrina Edelman,Corporate,Bristol,Tennessee,United States,South,37620
427,KF-16285,Karen Ferguson,Home Office,Manteca,California,United States,West,95336
428,KH-16330,Katharine Harms,Corporate,Bowling Green,Kentucky,United States,South,42104
429,KH-16360,Katherine Hughes,Consumer,Philadelphia,Pennsylvania,United States,East,19143
430,KH-16510,Keith Herrera,Consumer,San Francisco,California,United States,West,94110
431,KH-16630,Ken Heidel,Corporate,San Antonio,Texas,United States,Central,78207
432,KH-16690,Kristen Hastings,Corporate,San Francisco,California,United States,West,94110
433,KL-16555,Kelly Lampkin,Corporate,Colorado Springs,Colorado,United States,West,80906
434,KL-16645,Ken Lonsdale,Consumer,Chicago,Illinois,United States,Central,60610
435,KM-16225,Kalyca Meade,Corporate,New York City,New York,United States,East,10011
436,KM-16375,Katherine Murray,Home Office,Salem,Virginia,United States,South,24153
437,KM-16660,Khloe Miller,Consumer,Roswell,Georgia,United States,South,30076
438,KM-16720,Kunst Miller,Consumer,Los Angeles,California,United States,West,90004
439,KN-16390,Katherine Nockton,Corporate,Los Angeles,California,United States,West,90004
440,KN-16450,Kean Nguyen,Corporate,Jacksonville,Florida,United States,South,32216
441,KN-16705,Kristina Nunn,Home Office,Fort Collins,Colorado,United States,West,80525
442,KS-16300,Karen Seio,Corporate,Lehi,Utah,United States,West,84043
443,KT-16465,Kean Takahito,Consumer,Los Angeles,California,United States,West,90049
444,KT-16480,Kean Thornton,Consumer,Buffalo,New York,United States,East,14215
445,KW-16435,Katrina Willman,Consumer,New York City,New York,United States,East,10009
446,KW-16570,Kelly Williams,Consumer,Clarksville,Tennessee,United States,South,37042
447,LA-16780,Laura Armstrong,Corporate,Taylor,Michigan,United States,Central,48180
448,LB-16735,Larry Blacks,Consumer,Fort Worth,Texas,United States,Central,76106
449,LB-16795,Laurel Beltran,Home Office,Highland Park,Illinois,United States,Central,60035
450,LC-16870,Lena Cacioppo,Consumer,Aurora,Colorado,United States,West,80013
451,LC-16885,Lena Creighton,Consumer,Roseville,California,United States,West,95661
452,LC-16930,Linda Cazamias,Corporate,Naperville,Illinois,United States,Central,60540
453,LC-16960,Lindsay Castell,Home Office,Arlington,Virginia,United States,South,22204
454,LC-17050,Liz Carlisle,Consumer,Mission Viejo,California,United States,West,92691
455,LC-17140,Logan Currie,Consumer,Dallas,Texas,United States,Central,75220
456,LD-16855,Lela Donovan,Corporate,Chicago,Illinois,United States,Central,60653
457,LD-17005,Lisa DeCherney,Consumer,San Francisco,California,United States,West,94109
458,LE-16810,Laurel Elliston,Consumer,Whittier,California,United States,West,90604
459,LF-17185,Luke Foster,Consumer,Miami,Florida,United States,South,33180
460,LH-16750,Larry Hughes,Consumer,Charlotte,North Carolina,United States,South,28205
461,LH-16900,Lena Hernandez,Consumer,Dover,Delaware,United States,East,19901
462,LH-17020,Lisa Hazard,Consumer,Columbus,Ohio,United States,East,43229
463,LH-17155,Logan Haushalter,Consumer,San Francisco,California,United States,West,94109
464,LL-16840,Lauren Leatherbury,Consumer,Rochester,New York,United States,East,14609
465,LM-17065,Liz MacKendrick,Consumer,Springfield,Ohio,United States,East,45503
466,LO-17170,Lori Olson,Corporate,La Quinta,California,United States,West,92253
467,LP-17080,Liz Pelletier,Consumer,San Francisco,California,United States,West,94110
468,LP-17095,Liz Preis,Consumer,Murray,Kentucky,United States,South,42071
469,LR-16915,Lena Radford,Consumer,San Diego,California,United States,West,92024
470,LR-17035,Lisa Ryan,Corporate,Philadelphia,Pennsylvania,United States,East,19134
471,LS-16945,Linda Southworth,Corporate,Philadelphia,Pennsylvania,United States,East,19140
472,LS-16975,Lindsay Shagiari,Home Office,Los Angeles,California,United States,West,90004
473,LS-17200,Luke Schmidt,Corporate,Skokie,Illinois,United States,Central,60076
474,LS-17230,Lycoris Saunders,Consumer,Dover,Delaware,United States,East,19901
475,LS-17245,Lynn Smith,Consumer,Gladstone,Missouri,United States,Central,64118
476,LT-16765,Larry Tron,Consumer,Escondido,California,United States,West,92025
477,LT-17110,Liz Thompson,Consumer,Lancaster,California,United States,West,93534
478,LW-16825,Laurel Workman,Corporate,Deltona,Florida,United States,South,32725
479,LW-16990,Lindsay Williams,Corporate,San Francisco,California,United States,West,94110
480,LW-17125,Liz Willingham,Consumer,Norwich,Connecticut,United States,East,6360
481,LW-17215,Luke Weiss,Consumer,Pasadena,California,United States,West,91104
482,MA-17560,Matt Abelman,Home Office,Houston,Texas,United States,Central,77095
483,MA-17995,Michelle Arnett,Home Office,Watertown,New York,United States,East,13601
484,MB-17305,Maria Bertelson,Consumer,Akron,Ohio,United States,East,44312
485,MB-18085,Mick Brown,Consumer,Vineland,New Jersey,United States,East,8360
486,MC-17275,Marc Crier,Consumer,Lafayette,Louisiana,United States,South,70506
487,MC-17425,Mark Cousins,Corporate,Mobile,Alabama,United States,South,36608
488,MC-17575,Matt Collins,Consumer,Cincinnati,Ohio,United States,East,45231
489,MC-17590,Matt Collister,Corporate,Perth Amboy,New Jersey,United States,East,8861
490,MC-17605,Matt Connell,Corporate,Detroit,Michigan,United States,Central,48234
491,MC-17635,Matthew Clasen,Corporate,Saint Louis,Missouri,United States,Central,63116
492,MC-17845,Michael Chen,Consumer,Jackson,Mississippi,United States,South,39212
493,MC-18100,Mick Crebagga,Consumer,El Paso,Texas,United States,Central,79907
494,MC-18130,Mike Caudle,Corporate,Monroe,Louisiana,United States,South,71203
495,MD-17350,Maribeth Dona,Consumer,Fayetteville,Arkansas,United States,South,72701
496,MD-17860,Michael Dominguez,Corporate,Indianapolis,Indiana,United States,Central,46203
497,ME-17320,Maria Etezadi,Home Office,Columbus,Georgia,United States,South,31907
498,ME-17725,Max Engle,Consumer,Aurora,Colorado,United States,West,80013
499,ME-18010,Michelle Ellison,Corporate,San Francisco,California,United States,West,94122
500,MF-17665,Maureen Fritzler,Corporate,Toledo,Ohio,United States,East,43615
501,MF-18250,Monica Federle,Corporate,Los Angeles,California,United States,West,90036
502,MG-17650,Matthew Grinstein,Home Office,Philadelphia,Pennsylvania,United States,East,19143
503,MG-17680,Maureen Gastineau,Home Office,Newark,Ohio,United States,East,43055
504,MG-17695,Maureen Gnade,Consumer,Buffalo,New York,United States,East,14215
505,MG-17875,Michael Grace,Home Office,New York City,New York,United States,East,10011
506,MG-17890,Michael Granlund,Home Office,Clinton,Maryland,United States,East,20735
507,MG-18145,Mike Gockenbach,Consumer,Philadelphia,Pennsylvania,United States,East,19134
508,MG-18205,Mitch Gastineau,Corporate,Jacksonville,Florida,United States,South,32216
509,MH-17290,Marc Harrigan,Home Office,Los Angeles,California,United States,West,90036
510,MH-17440,Mark Haberlin,Corporate,New York City,New York,United States,East,10035
511,MH-17455,Mark Hamilton,Consumer,Jacksonville,North Carolina,United States,South,28540
512,MH-17620,Matt Hagelstein,Corporate,San Francisco,California,United States,West,94110
513,MH-17785,Maya Herman,Corporate,Lindenhurst,New York,United States,East,11757
514,MH-18025,Michelle Huthwaite,Consumer,Seattle,Washington,United States,West,98115
515,MH-18115,Mick Hernandez,Home Office,Chester,Pennsylvania,United States,East,19013
516,MJ-17740,Max Jones,Consumer,Seattle,Washington,United States,West,98115
517,MK-17905,Michael Kennedy,Corporate,Manchester,Connecticut,United States,East,6040
518,MK-18160,Mike Kennedy,Consumer,Jacksonville,Florida,United States,South,32216
519,ML-17395,Marina Lichtenstein,Corporate,Los Angeles,California,United States,West,90008
520,ML-17410,Maris LaWare,Consumer,Fairfield,Connecticut,United States,East,6824
521,ML-17755,Max Ludwig,Home Office,Suffolk,Virginia,United States,South,23434
522,ML-18040,Michelle Lonsdale,Corporate,Albuquerque,New Mexico,United States,West,87105
523,ML-18265,Muhammed Lee,Consumer,Seattle,Washington,United States,West,98103
524,MM-17260,Magdelene Morse,Consumer,Wilmington,Delaware,United States,East,19805
525,MM-17920,Michael Moore,Consumer,San Francisco,California,United States,West,94110
526,MM-18055,Michelle Moray,Consumer,Seattle,Washington,United States,West,98115
527,MM-18280,Muhammed MacIntyre,Corporate,Quincy,Illinois,United States,Central,62301
528,MN-17935,Michael Nguyen,Consumer,Dallas,Texas,United States,Central,75220
529,MO-17500,Mary O'Rourke,Consumer,New York City,New York,United States,East,10035
530,MO-17800,Meg O'Connel,Home Office,New York City,New York,United States,East,10009
531,MO-17950,Michael Oakman,Consumer,Dallas,Texas,United States,Central,75220
532,MP-17470,Mark Packer,Home Office,New York City,New York,United States,East,10035
533,MP-17965,Michael Paige,Corporate,Lawrence,Massachusetts,United States,East,1841
534,MP-18175,Mike Pelletier,Home Office,Laguna Niguel,California,United States,West,92677
535,MR-17545,Mathew Reese,Home Office,Philadelphia,Pennsylvania,United States,East,19140
536,MS-17365,Maribeth Schnelling,Consumer,Detroit,Michigan,United States,Central,48227
537,MS-17530,MaryBeth Skach,Consumer,San Diego,California,United States,West,92037
538,MS-17710,Maurice Satty,Consumer,Mesa,Arizona,United States,West,85204
539,MS-17770,Maxwell Schwartz,Consumer,New York City,New York,United States,East,10035
540,MS-17830,Melanie Seite,Consumer,Laredo,Texas,United States,Central,78041
541,MS-17980,Michael Stewart,Corporate,Dallas,Texas,United States,Central,75220
542,MT-17815,Meg Tillman,Consumer,Scottsdale,Arizona,United States,West,85254
543,MT-18070,Michelle Tran,Home Office,Los Angeles,California,United States,West,90045
544,MV-17485,Mark Van Huff,Consumer,Arlington,Virginia,United States,South,22204
545,MV-18190,Mike Vittorini,Consumer,New York City,New York,United States,East,10009
546,MW-18220,Mitch Webber,Consumer,New York City,New York,United States,East,10035
547,MW-18235,Mitch Willingham,Corporate,Virginia Beach,Virginia,United States,South,23464
548,MY-17380,Maribeth Yedwab,Corporate,Parker,Colorado,United States,West,80134
549,MY-18295,Muhammed Yedwab,Corporate,Grapevine,Texas,United States,Central,76051
550,MZ-17335,Maria Zettner,Home Office,San Diego,California,United States,West,92024
551,MZ-17515,Mary Zewe,Corporate,Redlands,California,United States,West,92374
552,NB-18580,Nicole Brennan,Corporate,Philadelphia,Pennsylvania,United States,East,19134
553,NB-18655,Nona Balk,Corporate,Dallas,Texas,United States,Central,75217
554,NC-18340,Nat Carroll,Consumer,Lansing,Michigan,United States,Central,48911
555,NC-18415,Nathan Cano,Consumer,Jacksonville,North Carolina,United States,South,28540
556,NC-18535,Nick Crebassa,Corporate,Dallas,Texas,United States,Central,75217
557,NC-18625,Noah Childs,Corporate,Aurora,Colorado,United States,West,80013
558,ND-18370,Natalie DeCherney,Consumer,Louisville,Kentucky,United States,South,40214
559,ND-18460,Neil Ducich,Corporate,Macon,Georgia,United States,South,31204
560,NF-18385,Natalie Fritzler,Consumer,Jackson,Mississippi,United States,South,39212
561,NF-18475,Neil Franz�sisch,Home Office,Rockford,Illinois,United States,Central,61107
562,NF-18595,Nicole Fjeld,Home Office,New York City,New York,United States,East,10009
563,NG-18355,Nat Gilpin,Corporate,New York City,New York,United States,East,10011
564,NG-18430,Nathan Gelder,Consumer,Cincinnati,Ohio,United States,East,45231
565,NH-18610,Nicole Hansen,Corporate,Irving,Texas,United States,Central,75061
566,NK-18490,Neil Knudson,Home Office,Seattle,Washington,United States,West,98105
567,NL-18310,Nancy Lomonaco,Home Office,Los Angeles,California,United States,West,90045
568,NM-18445,Nathan Mautz,Home Office,New York City,New York,United States,East,10024
569,NM-18520,Neoma Murray,Consumer,Riverside,California,United States,West,92503
570,NP-18325,Naresj Patel,Consumer,Waynesboro,Virginia,United States,South,22980
571,NP-18670,Nora Paige,Consumer,Edmond,Oklahoma,United States,Central,73034
572,NP-18685,Nora Pelletier,Home Office,Niagara Falls,New York,United States,East,14304
573,NP-18700,Nora Preis,Consumer,Fresno,California,United States,West,93727
574,NR-18550,Nick Radford,Consumer,Aurora,Illinois,United States,Central,60505
575,NS-18505,Neola Schneider,Consumer,Dallas,Texas,United States,Central,75217
576,NS-18640,Noel Staavos,Corporate,Chicago,Illinois,United States,Central,60610
577,NW-18400,Natalie Webber,Consumer,Tigard,Oregon,United States,West,97224
578,NZ-18565,Nick Zandusky,Home Office,Columbus,Ohio,United States,East,43229
579,ON-18715,Odella Nelson,Corporate,Eagan,Minnesota,United States,Central,55122
580,OT-18730,Olvera Toch,Consumer,Los Angeles,California,United States,West,90045
581,PA-19060,Pete Armstrong,Home Office,Orland Park,Illinois,United States,Central,60462
582,PB-18805,Patrick Bzostek,Home Office,Salt Lake City,Utah,United States,West,84106
583,PB-19105,Peter B�hler,Consumer,Evanston,Illinois,United States,Central,60201
584,PB-19150,Philip Brown,Consumer,Los Angeles,California,United States,West,90004
585,PB-19210,Phillip Breyer,Corporate,Tulsa,Oklahoma,United States,Central,74133
586,PC-18745,Pamela Coakley,Corporate,San Francisco,California,United States,West,94122
587,PC-19000,Pauline Chand,Home Office,Los Angeles,California,United States,West,90004
588,PF-19120,Peter Fuller,Consumer,Gilbert,Arizona,United States,West,85234
589,PF-19165,Philip Fox,Consumer,Bloomington,Illinois,United States,Central,61701
590,PF-19225,Phillip Flathmann,Consumer,San Francisco,California,United States,West,94122
591,PG-18820,Patrick Gardner,Consumer,San Francisco,California,United States,West,94110
592,PG-18895,Paul Gonzalez,Consumer,Rochester,Minnesota,United States,Central,55901
593,PH-18790,Patricia Hirasaki,Home Office,Lakeland,Florida,United States,South,33801
594,PJ-18835,Patrick Jones,Corporate,Murfreesboro,Tennessee,United States,South,37130
595,PJ-19015,Pauline Johnson,Consumer,Santa Ana,California,United States,West,92704
596,PK-18910,Paul Knutson,Home Office,Philadelphia,Pennsylvania,United States,East,19143
597,PK-19075,Pete Kriz,Consumer,Madison,Wisconsin,United States,Central,53711
598,PL-18925,Paul Lucas,Home Office,Chicago,Illinois,United States,Central,60610
599,PM-18940,Paul MacIntyre,Consumer,Jackson,Michigan,United States,Central,49201
600,PM-19135,Peter McVee,Home Office,Detroit,Michigan,United States,Central,48227
601,PN-18775,Parhena Norris,Home Office,New York City,New York,United States,East,10009
602,PO-18850,Patrick O'Brill,Consumer,Philadelphia,Pennsylvania,United States,East,19143
603,PO-18865,Patrick O'Donnell,Consumer,Westland,Michigan,United States,Central,48185
604,PO-19180,Philisse Overcash,Home Office,Chicago,Illinois,United States,Central,60623
605,PO-19195,Phillina Ober,Home Office,Naperville,Illinois,United States,Central,60540
606,PP-18955,Paul Prost,Home Office,Smyrna,Georgia,United States,South,30080
607,PR-18880,Patrick Ryan,Consumer,Oakland,California,United States,West,94601
608,PS-18760,Pamela Stobb,Consumer,Los Angeles,California,United States,West,90008
609,PS-18970,Paul Stevenson,Home Office,Chicago,Illinois,United States,Central,60610
610,PS-19045,Penelope Sewall,Home Office,Charlotte,North Carolina,United States,South,28205
611,PT-19090,Pete Takahito,Consumer,Houston,Texas,United States,Central,77070
612,PV-18985,Paul Van Hugh,Home Office,San Francisco,California,United States,West,94122
613,PW-19030,Pauline Webber,Corporate,Richmond,Kentucky,United States,South,40475
614,PW-19240,Pierre Wener,Consumer,Louisville,Colorado,United States,West,80027
615,QJ-19255,Quincy Jones,Corporate,Saint Paul,Minnesota,United States,Central,55106
616,RA-19285,Ralph Arnett,Consumer,New York City,New York,United States,East,10035
617,RA-19885,Ruben Ausman,Corporate,Los Angeles,California,United States,West,90049
618,RA-19915,Russell Applegate,Consumer,Houston,Texas,United States,Central,77095
619,RA-19945,Ryan Akin,Consumer,Murrieta,California,United States,West,92563
620,RB-19330,Randy Bradley,Consumer,Philadelphia,Pennsylvania,United States,East,19143
621,RB-19360,Raymond Buch,Consumer,Auburn,New York,United States,East,13021
622,RB-19435,Richard Bierner,Consumer,Saint Louis,Missouri,United States,Central,63116
623,RB-19465,Rick Bensley,Home Office,Chicago,Illinois,United States,Central,60610
624,RB-19570,Rob Beeghly,Consumer,Columbus,Indiana,United States,Central,47201
625,RB-19645,Robert Barroso,Corporate,North Las Vegas,Nevada,United States,West,89031
626,RB-19705,Roger Barcio,Home Office,Portland,Oregon,United States,West,97206
627,RB-19795,Ross Baird,Home Office,Gastonia,North Carolina,United States,South,28052
628,RC-19825,Roy Collins,Consumer,Chicago,Illinois,United States,Central,60610
629,RC-19960,Ryan Crowe,Consumer,Columbus,Ohio,United States,East,43229
630,RD-19480,Rick Duston,Consumer,Olympia,Washington,United States,West,98502
631,RD-19585,Rob Dowd,Consumer,Henderson,Kentucky,United States,South,42420
632,RD-19660,Robert Dilbeck,Home Office,Saint Peters,Missouri,United States,Central,63376
633,RD-19720,Roger Demir,Consumer,Daytona Beach,Florida,United States,South,32114
634,RD-19810,Ross DeVincentis,Home Office,Los Angeles,California,United States,West,90045
635,RD-19900,Ruben Dartt,Consumer,Carlsbad,New Mexico,United States,West,88220
636,RD-19930,Russell D'Ascenzo,Consumer,Austin,Texas,United States,Central,78745
637,RE-19405,Ricardo Emerson,Consumer,Kent,Ohio,United States,East,44240
638,RE-19450,Richard Eichhorn,Consumer,Dallas,Texas,United States,Central,75081
639,RF-19345,Randy Ferguson,Corporate,Dover,New Hampshire,United States,East,3820
640,RF-19735,Roland Fjeld,Consumer,Trenton,Michigan,United States,Central,48183
641,RF-19840,Roy Franz�sisch,Consumer,New York City,New York,United States,East,10024
642,RH-19495,Rick Hansen,Consumer,Rochester,Minnesota,United States,Central,55901
643,RH-19510,Rick Huthwaite,Home Office,Providence,Rhode Island,United States,East,2908
644,RH-19555,Ritsa Hightower,Consumer,Tallahassee,Florida,United States,South,32303
645,RH-19600,Rob Haberlin,Consumer,Huntsville,Alabama,United States,South,35810
646,RK-19300,Ralph Kennedy,Consumer,Philadelphia,Pennsylvania,United States,East,19140
647,RL-19615,Rob Lucas,Consumer,Montgomery,Alabama,United States,South,36116
648,RM-19375,Raymond Messe,Consumer,Houston,Texas,United States,Central,77095
649,RM-19675,Robert Marley,Home Office,Monroe,Louisiana,United States,South,71203
650,RM-19750,Roland Murray,Consumer,New York City,New York,United States,East,10011
651,RO-19780,Rose O'Brian,Consumer,Memphis,Tennessee,United States,South,38109
652,RP-19270,Rachel Payne,Corporate,Riverside,California,United States,West,92503
653,RP-19390,Resi P�lking,Consumer,Cleveland,Ohio,United States,East,44105
654,RP-19855,Roy Phan,Corporate,Kenosha,Wisconsin,United States,Central,53142
655,RR-19315,Ralph Ritter,Consumer,San Francisco,California,United States,West,94110
656,RR-19525,Rick Reed,Corporate,Lowell,Massachusetts,United States,East,1852
657,RS-19420,Ricardo Sperren,Corporate,Seattle,Washington,United States,West,98115
658,RS-19765,Roland Schwarz,Corporate,Mount Vernon,New York,United States,East,10550
659,RS-19870,Roy Skaria,Home Office,Burlington,Iowa,United States,Central,52601
660,RW-19540,Rick Wilson,Corporate,Mesa,Arizona,United States,West,85204
661,RW-19630,Rob Williams,Corporate,Dallas,Texas,United States,Central,75220
662,RW-19690,Robert Waldorf,Consumer,Wilmington,North Carolina,United States,South,28403
663,SA-20830,Sue Ann Reed,Consumer,Chicago,Illinois,United States,Central,60610
664,SB-20170,Sarah Bern,Consumer,New York City,New York,United States,East,10035
665,SB-20185,Sarah Brown,Consumer,Concord,New Hampshire,United States,East,3301
666,SB-20290,Sean Braxton,Corporate,Houston,Texas,United States,Central,77036
667,SC-20020,Sam Craven,Consumer,Plano,Texas,United States,Central,75023
668,SC-20050,Sample Company A,Home Office,Norwich,Connecticut,United States,East,6360
669,SC-20095,Sanjit Chand,Consumer,Concord,California,United States,West,94521
670,SC-20230,Scot Coram,Corporate,Arlington,Texas,United States,Central,76017
671,SC-20260,Scott Cohen,Corporate,San Francisco,California,United States,West,94122
672,SC-20305,Sean Christensen,Consumer,Rochester Hills,Michigan,United States,Central,48307
673,SC-20380,Shahid Collister,Consumer,Seattle,Washington,United States,West,98115
674,SC-20440,Shaun Chance,Corporate,Aurora,Colorado,United States,West,80013
675,SC-20575,Sonia Cooley,Consumer,Mishawaka,Indiana,United States,Central,46544
676,SC-20680,Steve Carroll,Home Office,Columbus,Georgia,United States,South,31907
677,SC-20695,Steve Chapman,Corporate,Hialeah,Florida,United States,South,33012
678,SC-20725,Steven Cartwright,Consumer,Wilmington,Delaware,United States,East,19805
679,SC-20770,Stewart Carmichael,Corporate,Decatur,Alabama,United States,South,35601
680,SC-20800,Stuart Calhoun,Consumer,Houston,Texas,United States,Central,77041
681,SC-20845,Sung Chung,Consumer,Arlington Heights,Illinois,United States,Central,60004
682,SD-20485,Shirley Daniels,Home Office,New Rochelle,New York,United States,East,10801
683,SE-20110,Sanjit Engle,Consumer,New York City,New York,United States,East,10009
684,SF-20065,Sandra Flanagan,Consumer,Philadelphia,Pennsylvania,United States,East,19140
685,SF-20200,Sarah Foster,Consumer,Marysville,Washington,United States,West,98270
686,SF-20965,Sylvia Foulston,Corporate,Dearborn,Michigan,United States,Central,48126
687,SG-20080,Sandra Glassco,Consumer,Independence,Missouri,United States,Central,64055
688,SG-20470,Sheri Gordon,Consumer,New York City,New York,United States,East,10011
689,SG-20605,Speros Goranitis,Consumer,New York City,New York,United States,East,10009
690,SG-20890,Susan Gilcrest,Corporate,Mcallen,Texas,United States,Central,78501
691,SH-19975,Sally Hughsby,Corporate,San Francisco,California,United States,West,94122
692,SH-20395,Shahid Hopkins,Consumer,Arlington,Virginia,United States,South,22204
693,SH-20635,Stefanie Holloman,Corporate,Jackson,Tennessee,United States,South,38301
694,SJ-20125,Sanjit Jacobs,Home Office,New Brunswick,New Jersey,United States,East,8901
695,SJ-20215,Sarah Jordon,Consumer,Grand Prairie,Texas,United States,Central,75051
696,SJ-20500,Shirley Jackson,Consumer,Houston,Texas,United States,Central,77036
697,SK-19990,Sally Knutson,Consumer,Fairfield,Connecticut,United States,East,6824
698,SL-20155,Sara Luxemburg,Home Office,Jacksonville,Florida,United States,South,32216
699,SM-20005,Sally Matthias,Consumer,New York City,New York,United States,East,10009
700,SM-20320,Sean Miller,Home Office,Monroe,North Carolina,United States,South,28110
701,SM-20905,Susan MacKendrick,Consumer,Newark,Ohio,United States,East,43055
702,SM-20950,Suzanne McNair,Corporate,Greenville,North Carolina,United States,South,27834
703,SN-20560,Skye Norling,Home Office,Los Angeles,California,United States,West,90008
704,SN-20710,Steve Nguyen,Home Office,Houston,Texas,United States,Central,77041
705,SO-20335,Sean O'Donnell,Consumer,Fort Lauderdale,Florida,United States,South,33311
706,SP-20545,Sibella Parks,Corporate,New York City,New York,United States,East,10011
707,SP-20620,Stefania Perrino,Corporate,Philadelphia,Pennsylvania,United States,East,19134
708,SP-20650,Stephanie Phelps,Corporate,San Jose,California,United States,West,95123
709,SP-20860,Sung Pak,Corporate,Philadelphia,Pennsylvania,United States,East,19143
710,SP-20920,Susan Pistek,Consumer,Los Angeles,California,United States,West,90036
711,SR-20425,Sharelle Roach,Home Office,Louisville,Colorado,United States,West,80027
712,SR-20740,Steven Roelle,Home Office,New York City,New York,United States,East,10024
713,SS-20140,Saphhira Shifley,Corporate,Warwick,Rhode Island,United States,East,2886
714,SS-20410,Shahid Shariari,Consumer,Los Angeles,California,United States,West,90008
715,SS-20515,Shirley Schmidt,Home Office,Louisville,Kentucky,United States,South,40214
716,SS-20590,Sonia Sunley,Consumer,Seattle,Washington,United States,West,98115
717,SS-20875,Sung Shariari,Consumer,Dallas,Texas,United States,Central,75220
718,ST-20530,Shui Tom,Consumer,Parma,Ohio,United States,East,44134
719,SU-20665,Stephanie Ulpright,Home Office,Jackson,Mississippi,United States,South,39212
720,SV-20365,Seth Vernon,Consumer,Dover,Delaware,United States,East,19901
721,SV-20785,Stewart Visinsky,Consumer,Pueblo,Colorado,United States,West,81001
722,SV-20815,Stuart Van,Corporate,Houston,Texas,United States,Central,77041
723,SV-20935,Susan Vittorini,Consumer,New York City,New York,United States,East,10009
724,SW-20245,Scot Wooten,Consumer,Stockton,California,United States,West,95207
725,SW-20275,Scott Williamson,Consumer,Jackson,Mississippi,United States,South,39212
726,SW-20350,Sean Wendt,Home Office,Detroit,Michigan,United States,Central,48227
727,SW-20455,Shaun Weien,Consumer,Suffolk,Virginia,United States,South,23434
728,SW-20755,Steven Ward,Corporate,New York City,New York,United States,East,10009
729,SZ-20035,Sam Zeldin,Home Office,Pico Rivera,California,United States,West,90660
730,TA-21385,Tom Ashbrook,Home Office,New York City,New York,United States,East,10024
731,TB-21055,Ted Butterfield,Consumer,Troy,New York,United States,East,12180
732,TB-21175,Thomas Boland,Corporate,Houston,Texas,United States,Central,77041
733,TB-21190,Thomas Brumley,Home Office,Fayetteville,Arkansas,United States,South,72701
734,TB-21250,Tim Brockman,Consumer,New York City,New York,United States,East,10024
735,TB-21280,Toby Braunhardt,Consumer,Washington,District of Columbia,United States,East,20016
736,TB-21355,Todd Boyes,Corporate,New York City,New York,United States,East,10009
737,TB-21400,Tom Boeckenhauer,Consumer,Seattle,Washington,United States,West,98105
738,TB-21520,Tracy Blumstein,Consumer,Philadelphia,Pennsylvania,United States,East,19140
739,TB-21595,Troy Blackwell,Consumer,Columbus,Indiana,United States,Central,47201
740,TB-21625,Trudy Brown,Consumer,Grand Prairie,Texas,United States,Central,75051
741,TC-20980,Tamara Chand,Corporate,Seattle,Washington,United States,West,98105
742,TC-21145,Theresa Coyne,Corporate,Lakewood,New Jersey,United States,East,8701
743,TC-21295,Toby Carlisle,Consumer,San Diego,California,United States,West,92024
744,TC-21475,Tony Chapman,Home Office,Columbus,Georgia,United States,South,31907
745,TC-21535,Tracy Collins,Home Office,Arlington,Virginia,United States,South,22204
746,TD-20995,Tamara Dahlen,Consumer,Lowell,Massachusetts,United States,East,1852
747,TG-21310,Toby Gnade,Consumer,Los Angeles,California,United States,West,90049
748,TG-21640,Trudy Glocke,Consumer,Long Beach,California,United States,West,90805
749,TH-21100,Thea Hendricks,Consumer,Los Angeles,California,United States,West,90045
750,TH-21115,Thea Hudgings,Corporate,Philadelphia,Pennsylvania,United States,East,19140
751,TH-21235,Tiffany House,Corporate,Dallas,Texas,United States,Central,75081
752,TH-21550,Tracy Hopkins,Home Office,New York City,New York,United States,East,10035
753,TM-21010,Tamara Manning,Consumer,San Francisco,California,United States,West,94122
754,TM-21490,Tony Molinari,Consumer,Oklahoma City,Oklahoma,United States,Central,73120
755,TN-21040,Tanja Norvell,Home Office,Phoenix,Arizona,United States,West,85023
756,TP-21130,Theone Pippenger,Consumer,Philadelphia,Pennsylvania,United States,East,19134
757,TP-21415,Tom Prescott,Consumer,Seattle,Washington,United States,West,98115
758,TP-21565,Tracy Poddar,Corporate,Aurora,Colorado,United States,West,80013
759,TR-21325,Toby Ritter,Consumer,Belleville,New Jersey,United States,East,7109
760,TS-21085,Thais Sissman,Consumer,Phoenix,Arizona,United States,West,85023
761,TS-21160,Theresa Swint,Corporate,Toledo,Ohio,United States,East,43615
762,TS-21205,Thomas Seio,Corporate,Hackensack,New Jersey,United States,East,7601
763,TS-21340,Toby Swindell,Consumer,Houston,Texas,United States,Central,77041
764,TS-21370,Todd Sumrall,Corporate,New York City,New York,United States,East,10035
765,TS-21430,Tom Stivers,Corporate,Los Angeles,California,United States,West,90045
766,TS-21505,Tony Sayre,Consumer,Columbia,Tennessee,United States,South,38401
767,TS-21610,Troy Staebel,Consumer,Phoenix,Arizona,United States,West,85023
768,TS-21655,Trudy Schmidt,Consumer,Milwaukee,Wisconsin,United States,Central,53209
769,TT-21070,Ted Trevino,Consumer,Los Angeles,California,United States,West,90045
770,TT-21220,Thomas Thornton,Consumer,Houston,Texas,United States,Central,77041
771,TT-21265,Tim Taslimi,Corporate,Los Angeles,California,United States,West,90045
772,TT-21460,Tonja Turnell,Home Office,Aurora,Illinois,United States,Central,60505
773,TW-21025,Tamara Willingham,Home Office,Scottsdale,Arizona,United States,West,85254
774,TZ-21580,Tracy Zic,Consumer,Louisville,Colorado,United States,West,80027
775,VB-21745,Victoria Brennan,Corporate,Columbus,Georgia,United States,South,31907
776,VD-21670,Valerie Dominguez,Consumer,Columbia,Tennessee,United States,South,38401
777,VF-21715,Vicky Freymann,Home Office,Columbus,Indiana,United States,Central,47201
778,VG-21790,Vivek Gonzalez,Consumer,San Diego,California,United States,West,92037
779,VG-21805,Vivek Grady,Corporate,Virginia Beach,Virginia,United States,South,23464
780,VM-21685,Valerie Mitchum,Home Office,Westfield,New Jersey,United States,East,7090
781,VM-21835,Vivian Mathis,Consumer,Newark,Delaware,United States,East,19711
782,VP-21730,Victor Preis,Home Office,Las Vegas,Nevada,United States,West,89115
783,VP-21760,Victoria Pisteka,Corporate,San Francisco,California,United States,West,94109
784,VS-21820,Vivek Sundaresam,Consumer,Los Angeles,California,United States,West,90036
785,VT-21700,Valerie Takahito,Home Office,Philadelphia,Pennsylvania,United States,East,19143
786,VW-21775,Victoria Wilson,Corporate,Medina,Ohio,United States,East,44256
787,WB-21850,William Brown,Consumer,Philadelphia,Pennsylvania,United States,East,19134
788,XP-21865,Xylona Preis,Consumer,San Diego,California,United States,West,92024
789,YC-21895,Yoseph Carroll,Corporate,San Francisco,California,United States,West,94110
790,YS-21880,Yana Sorensen,Corporate,Burlington,North Carolina,United States,South,27217
791,ZC-21910,Zuschuss Carroll,Consumer,Salem,Oregon,United States,West,97301
792,ZD-21925,Zuschuss Donatelli,Consumer,San Francisco,California,United States,West,94109
